Comment,Description,Designator,Footprint,LibRef,Quantity,MP,MF

"BK-883","Battery Retainer Coin, 20.0mm 1 Cell SMD _SMT_ Tab","BAT1","BAT_BK-883","BK-883","1","BK-883-TR","MPD _Memory"
"BATT_18650x2","","BAT2","BATT_18650x2","BATT_18650x2","1","DNP","DNP"
"Speaker","Loudspeaker","BUZZ1","SMC","Speaker","1","DNP","DNP"
"Cap","Capacitor","C1, C30","C0603","Cap","2","C0603C104Z3VACTU","KEMET"
"Cap","Capacitor","C2, C4, C17, C20","C0603","Cap","4","C0603C100J1GACTU","KEMET"
"Cap","Capacitor","C3","C0603","Cap","1","C0603C104M4RACTU","KEMET"
"Cap","Capacitor","C5, C6","C0603","Cap","2","C0603C180J5GACTU","KEMET"
"","Capacitor","C7, C8, C13","C1206 _POL","CapPol","3","T491A106K010AT","KEMET"
"Cap0603","Capacitor","C9, C14, C16, C18, C19, C21, C22, C23, C24, C25, C26, C27, C28, C29","C0603","Cap0603","14","C0603C104Z3VACTU","KEMET"
"Cap0603","Capacitor","C10, C12","C0603","Cap0603","2","C0603C471J1GACTU","KEMET"
"Cap0603","Capacitor","C11","C0603","Cap0603","1","C0603C104M4RACTU","KEMET"
"Cap","Capacitor","C15","C0805","Cap","1","",""
"PRTR5V0U2X","Clamp Ipp Tvs Diode Surface Mount SOT-143B","D","SOT190P230X110-4N","PRTR5V0U2X","1","PRTR5V0U2X","NXP Semiconductors"
"BNO055","Accelerometer, Gyroscope, Magnetometer, 9 Axis Sensor I²C, UART Output","IMU1","LGA28R50P4X10_380X520X100","BNO055","1","BNO055","Bosch"
"MICROUSB_TAOBAO","","J1","MICROUSB_TAOBAO","MICROUSB_TAOBAO","1","DNP","DNP"
"ER-TFTM024-3","","LCD1","ER-TFTM024-3","ER-TFTM024-3","1","DNP","DNP"
"Blue","Typical INFRARED GaAs LED","LED1","L0603","LED","1","LB Q39G-L2OO-35-1","OSRAM"
"95278-101A06LF","Connector Header Surface Mount 6 position 0.100 _2.54mm_","P1, P4","AMPHENOL_95278-101A06LF","95278-101A06LF","2","95278-101A06LF","Amphenol ICC"
"PWRIN","","P2","PWRIN","PWRIN","1","S2B-PH-SM4-TB(LF)(SN)","Molex"
"SAMTEC-FTSH-105-01-X-DVJ","","P3","SAMTEC-FTSH-105-01-X-DV","SAMTEC-FTSH-105-01-X-DVJ","1","FTS-105-01-L-DV","Samtec"
"WS2182B","","PIXEL1, PIXEL2, PIXEL3, PIXEL4","WS2812B_SIDE","WS2182B","4","DNP","DNP"
"BSS138","N-Channel MOSFET","Q1","SOT23_N","MOSFET-N","1","ATSAMD11C14A-SSNTDKR-ND","ON Semiconductor"
"Res","Resistor","R1, R10, R11, R18, R19, R20, R21, R32","R0603","Res","8","RC0603JR-0710KL","Yageo"
"Res","Resistor","R2, R3","R0603","Res","2","RC0603JR-074K7L","Yageo"
"Res","Resistor","R4, R5, R6, R7, R8, R9","R0603","Res","6","CRGCQ0603J22R","TE Connectivity"
"Res","Resistor","R12","R0603","Res","1","CRGCQ0603J470R","TE Connectivity"
"Res","Resistor","R13, R14","R0603","Res","2","RC0603JR-07100KL","Yageo"
"Res","Resistor","R15, R16","R0603","Res","2","RC0603JR-071KL","Yageo"
"Res","Resistor","R17","R0603","Res","1","RC0603FR-071ML","Yageo"
"Res","Resistor","R22, R23, R26, R27, R30","R0603","Res","5","RC0603JR-0712KL","Yageo"
"Res","Resistor","R24, R25, R28, R29, R31`","R0603","Res","5","RC0603JR-0743KL","Yageo"
"Res","Resistor","R33","R0603","Res","1","RC0603JR-070RL","Yageo"
"B3S-1000P","Tactile Switch SPST-NO Top Actuated Surface Mount","S1, S2, S3, S4, S5","SW_B3S-1000P","B3S-1000P","5","B3S-1000P","Omron Electronics"
"JS202011SCQN","Slide Switch DPDT Surface Mount","S6","SW_JS202011SCQN","JS202011SCQN","1","JS202011SCQN","C&K"
"BME280","Humidity Temperature Sensor 0 ~ 100% RH I²C, SPI ±3% 1s Surface Mount","SENSOR1","PSON65P250X250X100-8N","BME280","1","BME280","Bosch"
"ATMEGA328P-AUR","AVR AVR® ATmega Microcontroller IC 8-Bit 20MHz 32KB _16K x 16_ FLASH 32-TQFP _7x7_","U1","QFP80P900X900X120-32N","ATMEGA328P-AUR","1","ATMEGA328P-AUR","Microchip"
"MCP7940MT-I/SN","Real Time Clock _RTC_ IC Clock/Calendar 64B I²C, 2-Wire Serial 8-SOIC _0.154, 3.90mm Width_","U2","SOIC127P600X175-8N","MCP7940MT-I/SN","1","MCP7940MT-I/SN","Microchip"
"MIC5219BM5","Linear Voltage Regulator IC 1 Output 500mA SOT-23-5","U3, U4","SOT23-5_N","MIC5219BM5","2","MIC5219BM5","Micrel"
"ATSAMD11C14A","","U5","SOIC127P600X175-14N","ATSAMD11C14A","1","ATSAMD11C14A-SSNTDKR-ND","Atmel"
"MC-405_32.7680K-D:_ROHS","32.768kHz ±20ppm Crystal 35 kOhms 4-SOJ, 2.29mm pitch","Y1, Y3","XTAL320X150","MC-405_32.7680K-D:_ROHS","2","DNP","DNP"
"ABM3-16.000MHZ-B2-T","16MHz ±20ppm Crystal 18pF 40 Ohms 2-SMD, No Lead","Y2","XTAL_ECS-100-20-5PVX","ABM3-16.000MHZ-B2-T","1","DNP","DNP"
